,apple,banana,blackgram,chickpea,coconut,coffee,cotton,grapes,jute,kidneybeans,lentil,maize,mango,mothbeans,mungbean,muskmelon,orange,papaya,pigeonpeas,pomegranate,rice,watermelon
K,199.89,50.05,19.24,79.92,30.59,29.94,19.56,200.11,39.99,20.05,19.41,19.79,29.92,20.23,19.87,50.08,10.01,50.04,20.29,40.21,39.87,50.22
N,20.8,100.23,40.02,40.09,21.98,101.2,117.77,23.18,78.4,20.75,18.77,77.76,20.07,21.44,20.99,100.32,19.58,49.88,20.73,18.87,79.89,99.42
P,134.22,82.01,67.47,67.79,16.93,28.74,46.24,132.53,46.86,67.54,68.36,48.44,27.18,48.01,47.28,17.72,16.55,59.05,67.73,18.75,47.58,17.0
humidity,92.3333828756,80.35812258109999,65.1184255887,16.8604394237,94.84427180610001,58.869846300300004,79.8434742538,81.8752275212,79.6398642063,21.6053567295,64.8047846785,65.0922494467,50.1565726953,53.16041802790001,85.49997454300001,92.34280196089999,92.17020876340001,92.4033876826,48.0616330847,90.1255037895,82.2728215389,85.16037529360001
ph,5.929662931809999,5.98389318024,7.13395162948,7.33695662374,5.97656212619,6.79030827457,6.91267549578,6.025936681099999,6.7327775681699995,5.749410585870001,6.927931571609999,6.2451897224,5.766372799660001,6.83117408269,6.72395694037,6.35880545179,7.01695745276,6.74144237274,5.794174879790001,6.4291718411700005,6.425470922140001,6.49577830157
rainfall,112.654779275,104.6269804001,67.8841511832,80.0589772605,175.686645804,158.066294882,80.3980431193,69.611828886,174.792797536,105.91977754210001,45.680454204,84.766987663,94.70451504479999,51.198487045700006,48.403600902899996,24.689952066,110.47496871999999,142.6278388629,149.4575638135,107.52844239699999,236.18111359399998,50.7862189449
temperature,22.6309424132,27.3767983057,29.9733396789,18.8728467519,27.4098921723,25.5404768193,23.988957895200002,23.849575120049998,24.9583758265,20.1150846851,24.509052402600002,22.3892039102,31.2087701513,28.1949204842,28.5257747353,28.663065756,22.7657254967,33.7238587388,27.7417622259,21.837841721999997,23.6893322105,25.591767237499997
